"Rank","Order.1.2","Family.1.2","Binomial.1.2","Diet","Mass"
1,"Lagomorpha","Prolagidae","Prolagus_sardus","Missing","Recorded"
2,"Cetartiodactyla","Balaenopteridae","Balaenoptera_bonaerensis","Recorded","Missing"
3,"Notoungulata","Toxodontidae","Trigonodops_lopesi","Recorded","Missing"
4,"Diprotodontia","Vombatidae","Warendja_wakefieldi","Missing","Missing"
5,"Eulipotyphla","Talpidae","Scaptonyx_fusicaudus","Missing","Recorded"
6,"Cetartiodactyla","Ziphiidae","Indopacetus_pacificus","Missing","Recorded"
7,"Rodentia","Echimyidae","HexolobodontinaeGen_spA","Missing","Missing"
8,"Primates","Daubentoniidae","Daubentonia_robustus","Missing","Recorded"
9,"Primates","Hominidae","Homo_spDenisova","Missing","Recorded"
10,"Rodentia","Echimyidae","Thrichomys_laurentius","Missing","Missing"
11,"Cingulata","CingulataFam","Propraopus_punctatus","Missing","Recorded"
12,"Carnivora","Felidae","Panthera_spelaea","Missing","Recorded"
13,"Cetartiodactyla","Balaenopteridae","Balaenoptera_omurai","Missing","Missing"
14,"Cingulata","CingulataFam","Propraopus_sulcatus","Missing","Recorded"
15,"Rodentia","Echimyidae","Plagiodontia_spelaeum","Missing","Missing"
16,"Rodentia","Echimyidae","Isothrix_orinoci","Missing","Missing"
17,"Eulipotyphla","Erinaceidae","Hylomys_megalotis","Missing","Recorded"
18,"Cetartiodactyla","Cervidae","Cervus_canadensis","Missing","Recorded"
19,"Rodentia","Caviidae","Neochoerus_aesopi","Missing","Recorded"
20,"Eulipotyphla","Talpidae","Scapanulus_oweni","Missing","Recorded"
21,"Rodentia","Echimyidae","Pattonomys_punctatus","Recorded","Missing"
22,"Cetartiodactyla","Cervidae","Megaloceros_giganteus","Missing","Recorded"
23,"Eulipotyphla","Soricidae","Blarinella_wardi","Missing","Recorded"
24,"Rodentia","Echimyidae","Pattonomys_carrikeri","Recorded","Missing"
25,"Eulipotyphla","Soricidae","Blarinella_griselda","Missing","Recorded"
26,"Chiroptera","Phyllostomidae","Desmodus_draculae","Missing","Recorded"
27,"Rodentia","Echimyidae","Pattonomys_flavidus","Recorded","Missing"
28,"Chiroptera","Vespertilionidae","Harpiola_isodon","Missing","Missing"
29,"Eulipotyphla","Soricidae","Blarinella_quadraticauda","Missing","Recorded"
30,"Primates","Hominidae","Homo_neanderthalensis","Missing","Recorded"
31,"Cingulata","CingulataFam","Pachyarmatherium_brasiliense","Missing","Recorded"
32,"Primates","Pitheciidae","Insulacebus_toussaintiana","Missing","Missing"
33,"Carnivora","Mephitidae","Brachyprotoma_obtusata","Missing","Recorded"
34,"Rodentia","Echimyidae","Quemisia_gravis","Missing","Recorded"
35,"Cetartiodactyla","Bovidae","Soergelia_minor","Missing","Missing"
36,"Chiroptera","Vespertilionidae","Scotoecus_pallidus","Recorded","Missing"
37,"Eulipotyphla","Soricidae","Surdisorex_schlitteri","Missing","Missing"
38,"Rodentia","Echimyidae","Amblyrhiza_inundata","Missing","Recorded"
39,"Perissodactyla","Equidae","Equus_ovodovi","Missing","Recorded"
40,"Rodentia","Caviidae","Galea_comes","Missing","Missing"
41,"Rodentia","Echimyidae","Xaymaca_fulvopulvis","Missing","Recorded"
42,"Rodentia","Caviidae","Galea_leucoblephara","Missing","Missing"
43,"Cetartiodactyla","Tayassuidae","Catagonus_stenocephalus","Missing","Missing"
44,"Macroscelidea","Macroscelididae","Macroscelides_flavicaudatus","Missing","Missing"
45,"Rodentia","Echimyidae","Hexolobodon_phenax","Missing","Recorded"
46,"Cetartiodactyla","Cervidae","Morenelaphus_lujanensis","Missing","Recorded"
47,"Chiroptera","Mormoopidae","Pteronotus_mesoamericanus","Missing","Missing"
48,"Cetartiodactyla","Cervidae","Navahoceros_fricki","Missing","Missing"
49,"Rodentia","Echimyidae","Isolobodon_montanus","Missing","Recorded"
50,"Rodentia","Echimyidae","Isolobodon_portoricensis","Missing","Recorded"
51,"Perissodactyla","Tapiridae","Tapirus_rondoniensis","Missing","Recorded"
52,"Primates","Cebidae","Cebus_brunneus","Missing","Missing"
53,"Chiroptera","Phyllostomidae","Desmodus_stocki","Missing","Recorded"
54,"Rodentia","Echimyidae","Isothrix_barbarabrownae","Missing","Recorded"
55,"Carnivora","Canidae","Protocyon_troglodytes","Missing","Recorded"
56,"Chiroptera","Molossidae","Molossops_aequatorianus","Recorded","Missing"
57,"Rodentia","Echimyidae","Rhizoplagiodontia_lemkei","Missing","Recorded"
58,"Primates","Atelidae","Caipora_bambuiorum","Missing","Recorded"
59,"Rodentia","Muridae","Pseudoberylmys_muongbangensis","Missing","Missing"
60,"Rodentia","Echimyidae","Isothrix_bistriata","Missing","Recorded"
61,"Carnivora","Eupleridae","Eupleres_major","Missing","Missing"
62,"Primates","Atelidae","Protopithecus_brasiliensis","Missing","Recorded"
63,"Rodentia","Muridae","Dacnomys_millardi","Missing","Missing"
64,"Rodentia","Echimyidae","Isothrix_pagurus","Missing","Recorded"
65,"Perissodactyla","Equidae","Equus_francisci","Missing","Recorded"
66,"Rodentia","Echimyidae","Isothrix_sinnamariensis","Missing","Recorded"
67,"Peramelemorphia","Peramelidae","Peroryctes_spA","Missing","Missing"
68,"Carnivora","Ursidae","Ursus_spelaeus","Missing","Recorded"
69,"Rodentia","Echimyidae","Isothrix_negrensis","Missing","Recorded"
70,"Chiroptera","Phyllostomidae","Lionycteris_spurrelli","Missing","Recorded"
71,"Carnivora","Mustelidae","Melogale_cucphuongensis","Missing","Missing"
72,"Rodentia","Echimyidae","Thrichomys_inermis","Missing","Recorded"
73,"Cetartiodactyla","Cervidae","Muntiacus_vaginalis","Recorded","Missing"
74,"Chiroptera","Thyropteridae","Thyroptera_wynneae","Recorded","Missing"
75,"Pilosa","Megatheriidae","Megatherium_americanum","Missing","Recorded"
76,"Rodentia","Muridae","Psammomys_vexillaris","Recorded","Missing"
77,"Macroscelidea","Macroscelididae","Macroscelides_micus","Missing","Recorded"
78,"Cetartiodactyla","Cervidae","Sangamona_fugitiva","Missing","Recorded"
79,"Rodentia","Muridae","Saxatilomys_paulinae","Recorded","Missing"
80,"Chiroptera","Mormoopidae","Pteronotus_rubiginosus","Missing","Missing"
81,"Cetartiodactyla","Suidae","Kolpochoerus_majus","Missing","Missing"
82,"Rodentia","Echimyidae","Plagiodontia_ipnaeum","Missing","Recorded"
83,"Rodentia","Heteromyidae","Chaetodipus_rudinoris","Recorded","Missing"
84,"Perissodactyla","Equidae","Equus_hydruntinus","Missing","Recorded"
85,"Paucituberculata","Caenolestidae","Caenolestes_sangay","Missing","Missing"
86,"Cetartiodactyla","Bovidae","Damaliscus_niro","Recorded","Missing"
87,"Eulipotyphla","Nesophontidae","Nesophontes_spA","Missing","Recorded"
88,"Perissodactyla","Tapiridae","Tapirus_augustus","Missing","Recorded"
89,"Carnivora","Mustelidae","Mustela_africana","Missing","Recorded"
90,"Rodentia","Spalacidae","Spalax_uralensis","Recorded","Missing"
91,"Rodentia","Echimyidae","Thrichomys_pachyurus","Missing","Recorded"
92,"Chiroptera","Phyllostomidae","Micronycteris_giovanniae","Missing","Missing"
93,"Cetartiodactyla","Suidae","Metridiochoerus_compactus","Missing","Recorded"
94,"Cetartiodactyla","Cervidae","Morenelaphus_brachyceros","Missing","Recorded"
95,"Rodentia","Muridae","Vandeleuria_nilagirica","Recorded","Missing"
96,"Rodentia","Echimyidae","Mesomys_stimulax","Missing","Recorded"
97,"Cetartiodactyla","Cervidae","Paraceros_fragilis","Missing","Recorded"
98,"Chiroptera","Phyllostomidae","Micronycteris_buriri","Missing","Missing"
99,"Rodentia","Cricetidae","Pliomys_lenki","Missing","Missing"
100,"Rodentia","Echimyidae","Heteropsomys_insulans","Missing","Recorded"
101,"Lagomorpha","Ochotonidae","Ochotona_whartoni","Missing","Recorded"
102,"Cetartiodactyla","Cervidae","Haploidoceros_mediterraneus","Missing","Missing"
103,"Rodentia","Echimyidae","Boromys_offella","Missing","Recorded"
104,"Rodentia","Echimyidae","Boromys_torrei","Missing","Recorded"
105,"Chiroptera","Emballonuridae","Peropteryx_pallidoptera","Recorded","Missing"
106,"Cetartiodactyla","Bovidae","Spirocerus_kiakhtensis","Missing","Recorded"
107,"Rodentia","Echimyidae","Brotomys_voratus","Missing","Recorded"
108,"Rodentia","Ctenomyidae","Ctenomys_rionegrensis","Recorded","Missing"
109,"Carnivora","Felidae","Leopardus_amnicola","Missing","Recorded"
110,"Rodentia","Muridae","Myomyscus_angolensis","Recorded","Missing"
111,"Rodentia","Echimyidae","Mesomys_leniceps","Missing","Recorded"
112,"Carnivora","Herpestidae","Herpestes_auropunctatus","Missing","Recorded"
113,"Carnivora","Mustelidae","Arctonyx_albogularis","Missing","Missing"
114,"Rodentia","Echimyidae","Mesomys_occultus","Missing","Recorded"
115,"Eulipotyphla","Soricidae","Crocidura_aleksandrisi","Recorded","Missing"
116,"Rodentia","Cricetidae","Oxymycterus_dasytrichus","Missing","Missing"
117,"Chiroptera","Mormoopidae","Mormoops_magna","Missing","Recorded"
118,"Cingulata","CingulataFam","Glyptotherium_floridanum","Missing","Recorded"
119,"Peramelemorphia","Peramelidae","PeroryctinaeGen_spA","Missing","Recorded"
120,"Rodentia","Cricetidae","Ellobius_tancrei","Recorded","Missing"
121,"Eulipotyphla","Soricidae","Suncus_hosei","Recorded","Missing"
122,"Eulipotyphla","Soricidae","Megasorex_gigas","Missing","Recorded"
123,"Carnivora","Procyonidae","Bassaricyon_neblina","Missing","Missing"
124,"Cetartiodactyla","Cervidae","Dama_mesopotamica","Missing","Recorded"
125,"Diprotodontia","Petauridae","Dactylopsila_kambuayai","Missing","Missing"
126,"Rodentia","Echimyidae","Capromys_garridoi","Missing","Recorded"
127,"Cetartiodactyla","Tayassuidae","Muknalia_minima","Missing","Recorded"
128,"Eulipotyphla","Soricidae","Anourosorex_assamensis","Missing","Recorded"
129,"Eulipotyphla","Soricidae","Suncus_fellowesgordoni","Recorded","Missing"
130,"Eulipotyphla","Soricidae","Anourosorex_schmidi","Missing","Recorded"
131,"Rodentia","Cricetidae","Eothenomys_cachinus","Missing","Missing"
132,"Rodentia","Cricetidae","Eothenomys_miletus","Missing","Missing"
133,"Eulipotyphla","Soricidae","Anourosorex_yamashinai","Missing","Recorded"
134,"Rodentia","Echimyidae","Mysateles_melanurus","Missing","Recorded"
135,"Afrosoricida","Tenrecidae","Microgale_grandidieri","Missing","Missing"
136,"Rodentia","Echimyidae","Geocapromys_spA","Missing","Recorded"
137,"Rodentia","Cricetidae","Oecomys_catherinae","Missing","Recorded"
138,"Rodentia","Muridae","Taterillus_congicus","Recorded","Missing"
139,"Rodentia","Muridae","Carpomys_melanurus","Missing","Recorded"
140,"Carnivora","Otariidae","Otaria_byronia","Missing","Recorded"
141,"Rodentia","Dipodidae","Jaculus_thaleri","Missing","Missing"
142,"Rodentia","Muridae","Carpomys_phaeurus","Missing","Recorded"
143,"Carnivora","Otariidae","Zalophus_japonicus","Missing","Recorded"
144,"Rodentia","Hystricidae","Hystrix_refossa","Missing","Recorded"
145,"Rodentia","Cricetidae","Ellobius_alaicus","Recorded","Missing"
146,"Cetartiodactyla","Delphinidae","Sotalia_guianensis","Missing","Missing"
147,"Rodentia","Echimyidae","Makalata_obscura","Missing","Recorded"
148,"Chiroptera","Molossidae","Molossus_alvarezi","Recorded","Missing"
149,"Lagomorpha","Ochotonidae","Ochotona_opaca","Missing","Missing"
150,"Carnivora","Otariidae","Zalophus_californianus","Missing","Recorded"
151,"Cetartiodactyla","Tragulidae","Moschiola_kathygre","Missing","Recorded"
152,"Eulipotyphla","Soricidae","Suncus_hututsi","Missing","Missing"
153,"Carnivora","Otariidae","Phocarctos_hookeri","Missing","Recorded"
154,"Cetartiodactyla","Cervidae","Antifer_ultra","Missing","Recorded"
155,"Primates","Cebidae","Cebus_cesarae","Missing","Missing"
156,"Rodentia","Echimyidae","Mesocapromys_sanfelipensis","Missing","Recorded"
157,"Rodentia","Nesomyidae","Gymnuromys_roberti","Missing","Recorded"
158,"Diprotodontia","Phalangeridae","Phalanger_matabiru","Recorded","Missing"
159,"Cetartiodactyla","Bovidae","Sivacobus_sankaliai","Missing","Missing"
160,"Rodentia","Echimyidae","Mesocapromys_nanus","Missing","Recorded"
161,"Chiroptera","Molossidae","Cynomops_milleri","Recorded","Missing"
162,"Rodentia","Cricetidae","Lemmus_amurensis","Recorded","Missing"
163,"Rodentia","Echimyidae","Olallamys_albicauda","Missing","Recorded"
164,"Rodentia","Muridae","Taterillus_lacustris","Recorded","Missing"
165,"Primates","Cebidae","Cebus_versicolor","Missing","Missing"
166,"Primates","Lorisidae","Perodicticus_edwardsi","Recorded","Recorded"
167,"Afrosoricida","Tenrecidae","Plesiorycteropus_madagascariensis","Missing","Recorded"
168,"Chiroptera","Pteropodidae","Epomophorus_minor","Missing","Missing"
169,"Primates","Cheirogaleidae","Microcebus_marohita","Missing","Missing"
170,"Rodentia","Muridae","Vernaya_fulva","Missing","Recorded"
171,"Chiroptera","Molossidae","Eumops_wilsoni","Recorded","Missing"
172,"Cetartiodactyla","Delphinidae","Orcaella_heinsohni","Missing","Recorded"
173,"Primates","Pitheciidae","Antillothrix_bernensis","Missing","Recorded"
174,"Primates","Cebidae","Cebus_malitiosus","Missing","Missing"
175,"Primates","Cercopithecidae","Papio_kindae","Missing","Recorded"
176,"Rodentia","Muridae","Diomys_crumpi","Missing","Recorded"
177,"Eulipotyphla","Soricidae","Congosorex_phillipsorum","Missing","Recorded"
178,"Rodentia","Cricetidae","Dicrostonyx_vinogradovi","Recorded","Missing"
179,"Rodentia","Sciuridae","Belomys_pearsonii","Missing","Recorded"
180,"Rodentia","Muridae","Maxomys_tajuddinii","Missing","Missing"
181,"Monotremata","Tachyglossidae","Zaglossus_hacketti","Missing","Recorded"
182,"Rodentia","Cricetidae","Phaiomys_leucurus","Recorded","Missing"
183,"Carnivora","Felidae","Leopardus_guttulus","Missing","Missing"
184,"Rodentia","Echimyidae","Phyllomys_lundi","Missing","Recorded"
185,"Chiroptera","Vespertilionidae","Laephotis_wintoni","Missing","Recorded"
186,"Rodentia","Cricetidae","Xenomys_nelsoni","Missing","Recorded"
187,"Rodentia","Muridae","Myomyscus_brockmani","Missing","Recorded"
188,"Cetartiodactyla","Tragulidae","Tragulus_versicolor","Missing","Recorded"
189,"Diprotodontia","Potoroidae","Bettongia_anhydra","Recorded","Missing"
190,"Eulipotyphla","Soricidae","Sylvisorex_silvanorum","Missing","Missing"
191,"Eulipotyphla","Soricidae","Myosorex_zinki","Missing","Recorded"
192,"Eulipotyphla","Soricidae","Myosorex_jejei","Missing","Missing"
193,"Eulipotyphla","Talpidae","Euroscaptor_subanura","Missing","Missing"
194,"Cetartiodactyla","Tragulidae","Tragulus_nigricans","Missing","Recorded"
195,"Rodentia","Nesomyidae","Voalavo_antsahabensis","Missing","Recorded"
196,"Cetartiodactyla","Bovidae","CapriniGen_spA","Missing","Missing"
197,"Rodentia","Cricetidae","Dicrostonyx_nunatakensis","Recorded","Missing"
198,"Rodentia","Cricetidae","Dicrostonyx_nelsoni","Recorded","Missing"
199,"Rodentia","Nesomyidae","Voalavo_gymnocaudus","Missing","Recorded"
200,"Diprotodontia","Macropodidae","Protemnodon_brehus","Missing","Recorded"
201,"Lagomorpha","Leporidae","Aztlanolagus_agilis","Missing","Recorded"
202,"Rodentia","Muridae","Srilankamys_ohiensis","Missing","Recorded"
203,"Rodentia","Muridae","Niviventer_culturatus","Recorded","Missing"
204,"Cetartiodactyla","Cervidae","Sinomegaceros_ordosianus","Missing","Missing"
205,"Carnivora","Mustelidae","Arctonyx_hoevenii","Missing","Missing"
206,"Pholidota","Manidae","Manis_paleojavanica","Missing","Recorded"
207,"Cetartiodactyla","Phocoenidae","Neophocaena_asiaeorientalis","Missing","Missing"
208,"Eulipotyphla","Soricidae","Myosorex_rumpii","Recorded","Missing"
209,"Cetartiodactyla","Cervidae","Praemegaceros_cazioti","Missing","Recorded"
210,"Rodentia","Muridae","Dasymys_rufulus","Recorded","Missing"
211,"Rodentia","Cricetidae","Peromyscus_sagax","Recorded","Missing"
212,"Cetartiodactyla","Cervidae","Megaceroides_algericus","Missing","Recorded"
213,"Cetartiodactyla","Cervidae","Sinomegaceros_yabei","Missing","Recorded"
214,"Eulipotyphla","Soricidae","Sylvisorex_akaibei","Missing","Missing"
215,"Carnivora","Canidae","Dusicyon_avus","Missing","Recorded"
216,"Chiroptera","Pteropodidae","Megaerops_ecaudatus","Missing","Recorded"
217,"Cetartiodactyla","Cervidae","Candiacervus_dorothensis","Missing","Recorded"
218,"Rodentia","Muridae","Stenocephalemys_albipes","Recorded","Missing"
219,"Chiroptera","Pteropodidae","Casinycteris_argynnis","Missing","Recorded"
220,"Cetartiodactyla","Cervidae","Candiacervus_rethymnensis","Missing","Recorded"
221,"Rodentia","Muridae","Paucidentomys_vermidax","Missing","Missing"
222,"Rodentia","Cricetidae","Proedromys_bedfordi","Missing","Missing"
223,"Cetartiodactyla","Cervidae","Candiacervus_ropalophorus","Missing","Recorded"
224,"Rodentia","Cricetidae","Rhipidomys_macrurus","Missing","Recorded"
225,"Cetartiodactyla","Cervidae","Candiacervus_spII","Missing","Recorded"
226,"Eulipotyphla","Soricidae","Myosorex_bururiensis","Missing","Missing"
227,"Carnivora","Felidae","Neofelis_diardi","Missing","Recorded"
228,"Chiroptera","Pteropodidae","Megaerops_niphanae","Missing","Recorded"
229,"Cetartiodactyla","Cervidae","Candiacervus_major","Missing","Recorded"
230,"Diprotodontia","Vombatidae","Phascolonus_gigas","Missing","Recorded"
231,"Cetartiodactyla","Cervidae","Candiacervus_cretensis","Missing","Recorded"
232,"Diprotodontia","Potoroidae","Bettongia_pusilla","Recorded","Missing"
233,"Carnivora","Eupleridae","Cryptoprocta_spelea","Missing","Recorded"
234,"Cetartiodactyla","Bovidae","Gazella_tingitana","Missing","Missing"
235,"Eulipotyphla","Soricidae","Sylvisorex_konganensis","Missing","Recorded"
236,"Eulipotyphla","Soricidae","Myosorex_gnoskei","Missing","Missing"
237,"Cetartiodactyla","Bovidae","Gazella_atlantica","Missing","Recorded"
238,"Rodentia","Calomyscidae","Calomys_expulsus","Missing","Recorded"
239,"Primates","Tarsiidae","Tarsius_wallacei","Missing","Recorded"
240,"Diprotodontia","Macropodidae","Protemnodon_roechus","Missing","Recorded"
241,"Rodentia","Muridae","Ammodillus_imbellis","Missing","Recorded"
242,"Rodentia","Muridae","Gerbilliscus_boehmi","Recorded","Missing"
243,"Rodentia","Ctenomyidae","Ctenomys_scagliai","Recorded","Missing"
244,"Rodentia","Muridae","Arvicanthis_neumanni","Recorded","Missing"
245,"Chiroptera","Phyllostomidae","Lophostoma_kalkoae","Missing","Missing"
246,"Rodentia","Cricetidae","Lasiopodomys_mandarinus","Recorded","Missing"
247,"Chiroptera","Miniopteridae","Miniopterus_africanus","Recorded","Missing"
248,"Chiroptera","Phyllostomidae","Lophostoma_occidentalis","Missing","Missing"
249,"Chiroptera","Mormoopidae","Pteronotus_paraguanensis","Missing","Recorded"
250,"Rodentia","Muridae","Tokudaia_muenninki","Missing","Recorded"
251,"Lagomorpha","Ochotonidae","Ochotona_hoffmanni","Recorded","Missing"
252,"Primates","Cercopithecidae","Piliocolobus_tholloni","Recorded","Missing"
253,"Rodentia","Muridae","Tokudaia_osimensis","Missing","Recorded"
254,"Diprotodontia","Macropodidae","Macropus_ferragus","Missing","Recorded"
255,"Cetartiodactyla","Bovidae","Megalovis_guangxiensis","Missing","Missing"
256,"Rodentia","Muridae","Tryphomys_adustus","Missing","Missing"
257,"Rodentia","Muridae","Tokudaia_tokunoshimensis","Missing","Recorded"
258,"Rodentia","Hystricidae","Hystrix_kiangsenensis","Missing","Recorded"
259,"Rodentia","Muridae","Uromys_porculus","Recorded","Missing"
260,"Chiroptera","Vespertilionidae","Eptesicus_isabellinus","Missing","Missing"
261,"Rodentia","Muridae","Microdillus_peeli","Missing","Recorded"
262,"Chiroptera","Phyllostomidae","Vampyrodes_major","Missing","Missing"
263,"Rodentia","Muridae","Uromys_emmae","Recorded","Missing"
264,"Rodentia","Muridae","Madromys_blanfordi","Missing","Recorded"
265,"Rodentia","Sciuridae","Rubrisciurus_rubriventer","Missing","Recorded"
266,"Rodentia","Dipodidae","Salpingotus_heptneri","Recorded","Missing"
267,"Diprotodontia","Macropodidae","Protemnodon_anak","Missing","Recorded"
268,"Rodentia","Muridae","Uromys_boeadii","Recorded","Missing"
269,"Pilosa","Megatheriidae","Megatherium_tarijense","Missing","Recorded"
270,"Rodentia","Caviidae","Cavia_patzelti","Missing","Missing"
271,"Rodentia","Muridae","Cremnomys_cutchicus","Missing","Recorded"
272,"Cetartiodactyla","Cervidae","Muntiacus_montanus","Recorded","Missing"
273,"Carnivora","Canidae","Theriodictis_tarijensis","Missing","Recorded"
274,"Rodentia","Muridae","Apodemus_pallipes","Recorded","Missing"
275,"Rodentia","Muridae","Cremnomys_elvira","Missing","Recorded"
276,"Primates","Pitheciidae","Callicebus_caquetensis","Missing","Missing"
277,"Diprotodontia","Macropodidae","Procoptodon_rapha","Recorded","Recorded"
278,"Eulipotyphla","Soricidae","Solisorex_pearsoni","Missing","Recorded"
279,"Rodentia","Cricetidae","Oecomys_auyantepui","Missing","Recorded"
280,"Cetartiodactyla","Cervidae","Dicroceros_spA","Missing","Recorded"
281,"Diprotodontia","Macropodidae","Simosthenurus_maddocki","Recorded","Recorded"
282,"Rodentia","Cricetidae","Delomys_collinus","Missing","Recorded"
283,"Rodentia","Cricetidae","Megaoryzomys_spA","Missing","Missing"
284,"Rodentia","Cricetidae","Akodon_montensis","Missing","Recorded"
285,"Rodentia","Muridae","Brachiones_przewalskii","Missing","Recorded"
286,"Rodentia","Cricetidae","Delomys_dorsalis","Missing","Recorded"
287,"Rodentia","Muridae","Mus_fernandoni","Recorded","Missing"
288,"Rodentia","Cricetidae","Delomys_sublineatus","Missing","Recorded"
289,"Rodentia","Muridae","Leopoldamys_diwangkarai","Missing","Missing"
290,"Chiroptera","Pteropodidae","Paranyctimene_tenax","Missing","Recorded"
291,"Primates","Tarsiidae","Tarsius_tumpara","Missing","Recorded"
292,"Rodentia","Muridae","Taeromys_microbullatus","Missing","Missing"
293,"Chiroptera","Phyllostomidae","Desmodus_puntajudensis","Missing","Recorded"
294,"Rodentia","Cricetidae","Rhipidomys_modicus","Missing","Missing"
295,"Primates","Lorisidae","Perodicticus_ibeanus","Recorded","Recorded"
296,"Lagomorpha","Ochotonidae","Ochotona_coreana","Missing","Missing"
297,"Diprotodontia","Macropodidae","Simosthenurus_pales","Recorded","Recorded"
298,"Chiroptera","Pteropodidae","Dyacopterus_brooksi","Missing","Recorded"
299,"Lagomorpha","Ochotonidae","Ochotona_mantchurica","Missing","Missing"
300,"Chiroptera","Pteropodidae","Dyacopterus_spadiceus","Missing","Recorded"
301,"Cetartiodactyla","Bovidae","Hemitragus_cedrensis","Missing","Recorded"
302,"Primates","Indriidae","Avahi_peyrierasi","Missing","Recorded"
303,"Chiroptera","Pteropodidae","Myonycteris_leptodon","Missing","Missing"
304,"Rodentia","Sciuridae","Petaurista_mishmiensis","Missing","Missing"
305,"Primates","Lorisidae","Nycticebus_menagensis","Missing","Recorded"
306,"Rodentia","Cricetidae","Lemmus_portenkoi","Recorded","Missing"
307,"Rodentia","Cricetidae","Thomasomys_aureus","Missing","Recorded"
308,"Rodentia","Sciuridae","Petaurista_mechukaensis","Missing","Missing"
309,"Chiroptera","Pteropodidae","Megaerops_wetmorei","Missing","Recorded"
310,"Rodentia","Muridae","Praomys_rostratus","Recorded","Missing"
311,"Cetartiodactyla","Tragulidae","Tragulus_williamsoni","Missing","Recorded"
312,"Diprotodontia","Macropodidae","Macropus_pearsoni","Missing","Recorded"
313,"Rodentia","Cricetidae","Oxymycterus_amazonicus","Missing","Recorded"
314,"Rodentia","Muridae","Chiromyscus_chiropus","Missing","Recorded"
315,"Lagomorpha","Ochotonidae","Ochotona_syrinx","Missing","Missing"
316,"Rodentia","Cricetidae","Oxymycterus_quaestor","Missing","Recorded"
317,"Rodentia","Muridae","Lenothrix_canus","Missing","Recorded"
318,"Chiroptera","Pteropodidae","Balionycteris_maculata","Missing","Recorded"
319,"Chiroptera","Hipposideridae","Hipposideros_hypophyllus","Recorded","Missing"
320,"Didelphimorphia","Didelphidae","Lutreolina_massoia","Missing","Recorded"
321,"Rodentia","Muridae","Conilurus_capricornensis","Missing","Missing"
322,"Rodentia","Muridae","Arvicanthis_ansorgei","Recorded","Missing"
323,"Rodentia","Pedetidae","Pedetes_surdaster","Missing","Recorded"
324,"Eulipotyphla","Soricidae","Paracrocidura_schoutedeni","Missing","Recorded"
325,"Rodentia","Cricetidae","Blanfordimys_bucharensis","Recorded","Missing"
326,"Eulipotyphla","Soricidae","Notiosorex_villai","Missing","Recorded"
327,"Rodentia","Sciuridae","Hyosciurus_ileile","Missing","Recorded"
328,"Rodentia","Cricetidae","Rhipidomys_emiliae","Missing","Recorded"
329,"Rodentia","Muridae","Pseudohydromys_germani","Recorded","Missing"
330,"Rodentia","Muridae","Microhydromys_argenteus","Missing","Missing"
331,"Rodentia","Cricetidae","Abrawayaomys_ruschii","Missing","Recorded"
332,"Rodentia","Muridae","Mastomys_huberti","Missing","Recorded"
333,"Eulipotyphla","Soricidae","Sylvisorex_morio","Recorded","Missing"
334,"Rodentia","Cricetidae","Necromys_benefactus","Missing","Missing"
335,"Primates","Galagidae","Galagoides_orinus","Missing","Recorded"
336,"Rodentia","Cricetidae","Eothenomys_wardi","Missing","Missing"
337,"Carnivora","Felidae","Felis_bieti","Recorded","Recorded"
338,"Didelphimorphia","Didelphidae","Monodelphis_peruviana","Missing","Recorded"
339,"Rodentia","Cricetidae","Rhagomys_longilingua","Missing","Recorded"
340,"Chiroptera","Phyllostomidae","Sturnira_perla","Missing","Missing"
341,"Rodentia","Cricetidae","Rhagomys_rufescens","Missing","Recorded"
342,"Chiroptera","Vespertilionidae","Kerivoula_kachinensis","Missing","Recorded"
343,"Rodentia","Heteromyidae","Chaetodipus_artus","Recorded","Missing"
344,"Chiroptera","Pteropodidae","Neopteryx_frosti","Missing","Recorded"
345,"Didelphimorphia","Didelphidae","Thylamys_pulchellus","Missing","Missing"
346,"Chiroptera","Pteropodidae","Styloctenium_mindorensis","Missing","Recorded"
347,"Rodentia","Muridae","Conilurus_albipes","Missing","Recorded"
348,"Chiroptera","Pteropodidae","Styloctenium_wallacei","Missing","Recorded"
349,"Chiroptera","Vespertilionidae","Kerivoula_titania","Missing","Recorded"
350,"Carnivora","Mustelidae","Mustela_russelliana","Missing","Missing"
351,"Diprotodontia","Potoroidae","Borungaboodie_hatcheri","Missing","Recorded"
352,"Chiroptera","Pteropodidae","Megaloglossus_azagnyi","Missing","Missing"
353,"Chiroptera","Vespertilionidae","Rhogeessa_hussoni","Missing","Recorded"
354,"Eulipotyphla","Soricidae","Notiosorex_evotis","Missing","Recorded"
355,"Rodentia","Muridae","Gerbillus_pulvinatus","Recorded","Missing"
356,"Rodentia","Cricetidae","Necromys_lenguarum","Missing","Recorded"
357,"Rodentia","Cricetidae","Phaenomys_ferrugineus","Missing","Recorded"
358,"Rodentia","Muridae","Tarsomys_echinatus","Recorded","Missing"
359,"Chiroptera","Phyllostomidae","Sturnira_koopmanhilli","Missing","Missing"
360,"Eulipotyphla","Soricidae","Notiosorex_cockrumi","Missing","Recorded"
361,"Carnivora","Mustelidae","Mustela_tonkinensis","Missing","Missing"
362,"Cetartiodactyla","Bovidae","Nanger_soemmerringii","Missing","Recorded"
363,"Rodentia","Cricetidae","Thalpomys_lasiotis","Missing","Recorded"
364,"Rodentia","Muridae","Rhagamys_orthodon","Missing","Missing"
365,"Eulipotyphla","Talpidae","Mogera_uchidai","Missing","Recorded"
366,"Diprotodontia","Vombatidae","Vombatus_hacketti","Missing","Recorded"
367,"Rodentia","Muridae","Gerbillus_burtoni","Recorded","Missing"
368,"Rodentia","Sciuridae","Glyphotes_simus","Missing","Recorded"
369,"Eulipotyphla","Soricidae","Chodsigoa_parca","Missing","Recorded"
370,"Rodentia","Muridae","Apodemus_avicennicus","Missing","Missing"
371,"Rodentia","Dasyproctidae","Dasyprocta_iacki","Missing","Recorded"
372,"Rodentia","Muridae","Pseudohydromys_patriciae","Missing","Missing"
373,"Rodentia","Echimyidae","Phyllomys_sulinus","Recorded","Recorded"
374,"Eulipotyphla","Soricidae","Myosorex_kihaulei","Missing","Recorded"
375,"Rodentia","Cricetidae","Volemys_millicens","Missing","Missing"
376,"Primates","Cercopithecidae","Piliocolobus_oustaleti","Missing","Recorded"
377,"Primates","Cercopithecidae","Piliocolobus_temminckii","Missing","Missing"
378,"Rodentia","Cricetidae","Thalpomys_cerradensis","Missing","Recorded"
379,"Eulipotyphla","Soricidae","Crocidura_hispida","Recorded","Missing"
380,"Chiroptera","Vespertilionidae","Laephotis_botswanae","Missing","Recorded"
381,"Rodentia","Muridae","Pseudohydromys_sandrae","Missing","Missing"
382,"Cetartiodactyla","Cervidae","Agalmaceros_blicki","Missing","Recorded"
383,"Eulipotyphla","Soricidae","Crocidura_desperata","Recorded","Missing"
384,"Rodentia","Muridae","Pseudohydromys_berniceae","Missing","Missing"
385,"Diprotodontia","Macropodidae","Procoptodon_oreas","Recorded","Recorded"
386,"Primates","Archaeolemuridae","Archaeolemur_majori","Missing","Recorded"
387,"Diprotodontia","Pseudocheiridae","Petauroides_ayamaruensis","Missing","Recorded"
388,"Eulipotyphla","Soricidae","Chodsigoa_hypsibia","Missing","Recorded"
389,"Rodentia","Muridae","Uromys_siebersi","Recorded","Missing"
390,"Carnivora","Procyonidae","Nasuella_meridensis","Missing","Missing"
391,"Rodentia","Nesomyidae","Eliurus_grandidieri","Missing","Recorded"
392,"Cetartiodactyla","Bovidae","Bubalus_grovesi","Missing","Missing"
393,"Rodentia","Dasyproctidae","Dasyprocta_croconota","Missing","Recorded"
394,"Eulipotyphla","Soricidae","Crocidura_thomensis","Recorded","Missing"
395,"Primates","Indriidae","Avahi_betsileo","Missing","Recorded"
396,"Rodentia","Muridae","Niviventer_coninga","Recorded","Missing"
397,"Rodentia","Erethizontidae","Coendou_rufescens","Missing","Recorded"
398,"Rodentia","Muridae","Apodemus_rusiges","Recorded","Missing"
399,"Primates","Pitheciidae","Pithecia_chrysocephala","Missing","Recorded"
400,"Chiroptera","Vespertilionidae","Eudiscopus_denticulus","Missing","Recorded"
401,"Rodentia","Muridae","Heimyscus_fumosus","Missing","Recorded"
402,"Eulipotyphla","Soricidae","Crocidura_phuquocensis","Missing","Missing"
403,"Chiroptera","Vespertilionidae","Kerivoula_lenis","Missing","Recorded"
404,"Carnivora","Phocidae","Neomonachus_schauinslandi","Missing","Recorded"
405,"Rodentia","Muridae","Solomys_salamonis","Recorded","Missing"
406,"Rodentia","Gliridae","Eliomys_morpheus","Missing","Recorded"
407,"Rodentia","Cricetidae","Alticola_olchonensis","Recorded","Missing"
408,"Rodentia","Cricetidae","Lenoxus_apicalis","Missing","Recorded"
409,"Rodentia","Cricetidae","Alticola_tuvinicus","Recorded","Missing"
410,"Rodentia","Muridae","Pseudomys_patrius","Recorded","Missing"
411,"Rodentia","Muridae","Grammomys_selousi","Missing","Missing"
412,"Proboscidea","Elephantidae","Elephas_namadicus","Missing","Recorded"
413,"Eulipotyphla","Soricidae","Crocidura_sokolovi","Missing","Missing"
414,"Rodentia","Muridae","Rattus_pococki","Recorded","Missing"
415,"Rodentia","Dasyproctidae","Dasyprocta_variegata","Recorded","Recorded"
416,"Eulipotyphla","Soricidae","Crocidura_phanluongi","Missing","Missing"
417,"Rodentia","Muridae","Notomys_robustus","Missing","Missing"
418,"Rodentia","Muridae","Diplothrix_legata","Missing","Recorded"
419,"Proboscidea","Elephantidae","Elephas_tiliensis","Missing","Recorded"
420,"Chiroptera","Vespertilionidae","Myotis_nyctor","Missing","Missing"
421,"Rodentia","Chinchillidae","Lagidium_ahuacaense","Missing","Recorded"
422,"Rodentia","Muridae","Rattus_arrogans","Recorded","Missing"
423,"Proboscidea","Elephantidae","Elephas_mnaidriensis","Missing","Recorded"
424,"Rodentia","Muridae","Rattus_arfakienis","Recorded","Missing"
425,"Eulipotyphla","Soricidae","Crocidura_zaitsevi","Missing","Missing"
426,"Proboscidea","Elephantidae","Elephas_naumanii","Missing","Recorded"
427,"Eulipotyphla","Soricidae","Chimarrogale_phaeura","Recorded","Missing"
428,"Chiroptera","Pteropodidae","Megaerops_kusnotoi","Missing","Recorded"
429,"Didelphimorphia","Didelphidae","Thylamys_fenestrae","Missing","Missing"
430,"Primates","Cercopithecidae","Cercopithecus_denti","Missing","Recorded"
431,"Rodentia","Muridae","Apodemus_ponticus","Recorded","Missing"
432,"Rodentia","Muridae","Thallomys_loringi","Recorded","Missing"
433,"Rodentia","Muridae","Hylomyscus_walterverheyeni","Missing","Missing"
434,"Rodentia","Muridae","Rattus_mollicomulus","Recorded","Missing"
435,"Rodentia","Muridae","Rattus_koopmani","Recorded","Missing"
436,"Rodentia","Muridae","Rattus_timorensis","Recorded","Missing"
437,"Chiroptera","Pteropodidae","Thoopterus_nigrescens","Missing","Recorded"
438,"Primates","Indriidae","Avahi_mooreorum","Missing","Recorded"
439,"Rodentia","Muridae","Pogonomelomys_mayeri","Missing","Recorded"
440,"Rodentia","Nesomyidae","Dendromus_lachaisei","Missing","Missing"
441,"Rodentia","Muridae","Pogonomelomys_brassi","Missing","Recorded"
442,"Rodentia","Nesomyidae","Dendromus_ruppi","Missing","Missing"
443,"Rodentia","Muridae","Pogonomelomys_bruijnii","Missing","Recorded"
444,"Rodentia","Nesomyidae","Eliurus_carletoni","Missing","Missing"
445,"Rodentia","Caviidae","Hydrochoerus_isthmius","Missing","Recorded"
446,"Rodentia","Muridae","Anonymomys_mindorensis","Missing","Recorded"
447,"Rodentia","Muridae","Rattus_hainaldi","Recorded","Missing"
448,"Rodentia","Muridae","Abeomelomys_sevia","Missing","Recorded"
449,"Rodentia","Nesomyidae","Hypogeomys_australis","Missing","Recorded"
450,"Carnivora","Procyonidae","Bassaricyon_medius","Missing","Missing"
451,"Rodentia","Muridae","Hylomyscus_pamfi","Missing","Missing"
452,"Rodentia","Muridae","Lamottemys_okuensis","Missing","Recorded"
453,"Rodentia","Cricetidae","Neodon_linzhiensis","Missing","Missing"
454,"Eulipotyphla","Soricidae","Crocidura_dhofarensis","Recorded","Missing"
455,"Chiroptera","Phyllostomidae","Platyrrhinus_nitelinea","Missing","Missing"
456,"Chiroptera","Hipposideridae","Paratriaenops_auritus","Missing","Recorded"
457,"Primates","Cercopithecidae","Cercopithecus_lowei","Missing","Recorded"
458,"Chiroptera","Phyllostomidae","Platyrrhinus_aquilus","Missing","Missing"
459,"Rodentia","Cricetidae","Akodon_paranaensis","Missing","Recorded"
460,"Primates","Cebidae","Cebus_aequatorialis","Missing","Recorded"
461,"Rodentia","Muridae","Rattus_macleari","Recorded","Missing"
462,"Rodentia","Cricetidae","Microryzomys_altissimus","Missing","Recorded"
463,"Rodentia","Muridae","Rattus_nativitatis","Recorded","Missing"
464,"Rodentia","Muridae","Bullimus_luzonicus","Missing","Recorded"
465,"Rodentia","Cricetidae","Oligoryzomys_brendae","Recorded","Missing"
466,"Rodentia","Muridae","Bullimus_bagobus","Missing","Recorded"
467,"Rodentia","Cricetidae","Microtus_brachycercus","Recorded","Missing"
468,"Rodentia","Muridae","Bullimus_gamay","Missing","Recorded"
469,"Rodentia","Cricetidae","Microtus_kermanensis","Missing","Missing"
470,"Rodentia","Cricetidae","Nesoryzomys_spD","Missing","Missing"
471,"Primates","Cebidae","Cebus_cuscinus","Missing","Recorded"
472,"Dasyuromorphia","Dasyuridae","Phascolosorex_doriae","Missing","Recorded"
473,"Rodentia","Muridae","Desmomys_harringtoni","Missing","Recorded"
474,"Rodentia","Cricetidae","Nesoryzomys_spC","Missing","Missing"
475,"Rodentia","Muridae","Stenocephalemys_albocaudata","Missing","Recorded"
476,"Rodentia","Cricetidae","Nesoryzomys_spB","Missing","Missing"
477,"Afrosoricida","Chrysochloridae","Amblysomus_robustus","Recorded","Missing"
478,"Dasyuromorphia","Dasyuridae","Phascolosorex_dorsalis","Missing","Recorded"
479,"Rodentia","Nesomyidae","Nesomys_audeberti","Missing","Recorded"
480,"Chiroptera","Phyllostomidae","Artibeus_schwartzi","Missing","Missing"
481,"Rodentia","Cricetidae","Podoxymys_roraimae","Missing","Recorded"
482,"Proboscidea","Elephantidae","Elephas_cypriotes","Missing","Recorded"
483,"Rodentia","Cricetidae","Microtus_nasarovi","Recorded","Missing"
484,"Rodentia","Muridae","Hadromys_yunnanensis","Missing","Recorded"
485,"Rodentia","Muridae","Rattus_sanila","Recorded","Missing"
486,"Diprotodontia","Macropodidae","Wallabia_kitcheneri","Missing","Recorded"
487,"Rodentia","Muridae","Pseudomys_calabyi","Recorded","Missing"
488,"Eulipotyphla","Soricidae","Chodsigoa_sodalis","Missing","Recorded"
489,"Primates","Cheirogaleidae","Microcebus_macarthurii","Missing","Recorded"
490,"Diprotodontia","Macropodidae","Thylogale_christenseni","Missing","Recorded"
491,"Primates","Cercopithecidae","Piliocolobus_epieni","Missing","Missing"
492,"Chiroptera","Molossidae","Promops_davisoni","Recorded","Recorded"
493,"Primates","Cercopithecidae","Piliocolobus_bouvieri","Missing","Missing"
494,"Rodentia","Muridae","Pithecheirops_otion","Missing","Recorded"
495,"Rodentia","Cricetidae","Aepeomys_lugens","Missing","Recorded"
496,"Diprotodontia","Macropodidae","Protemnodon_nombe","Missing","Recorded"
497,"Rodentia","Muridae","Rattus_blangorum","Recorded","Missing"
498,"Diprotodontia","Macropodidae","Protemnodon_tumbuna","Missing","Recorded"
499,"Rodentia","Muridae","Rattus_burrus","Recorded","Missing"
500,"Rodentia","Cricetidae","Andalgalomys_olrogi","Missing","Recorded"
501,"Cetartiodactyla","Bovidae","Philantomba_walteri","Missing","Recorded"
502,"Rodentia","Cricetidae","Andalgalomys_pearsoni","Missing","Recorded"
503,"Rodentia","Muridae","Rattus_simalurensis","Recorded","Missing"
504,"Rodentia","Nesomyidae","Megadendromus_nikolausi","Missing","Recorded"
505,"Rodentia","Muridae","Rattus_nikenii","Missing","Missing"
506,"Rodentia","Muridae","Margaretamys_parvus","Missing","Recorded"
507,"Rodentia","Cricetidae","Akodon_leucolimnaeus","Missing","Missing"
508,"Rodentia","Muridae","Margaretamys_beccarii","Missing","Recorded"
509,"Rodentia","Muridae","Margaretamys_elegans","Missing","Recorded"
510,"Rodentia","Erethizontidae","Coendou_baturitensis","Missing","Missing"
511,"Eulipotyphla","Erinaceidae","Hylomys_parvus","Missing","Recorded"
512,"Rodentia","Muridae","Eropeplus_canus","Missing","Recorded"
513,"Rodentia","Cricetidae","Kunsia_fronto","Missing","Recorded"
514,"Primates","Lepilemuridae","Lepilemur_hollandorum","Missing","Recorded"
515,"Rodentia","Cricetidae","Proedromys_liangshanensis","Missing","Recorded"
516,"Dasyuromorphia","Dasyuridae","Murexia_habbema","Missing","Recorded"
517,"Afrosoricida","Tenrecidae","Microgale_macpheei","Missing","Recorded"
518,"Rodentia","Cricetidae","Thomasomys_gracilis","Missing","Recorded"
519,"Rodentia","Cricetidae","Thomasomys_hudsoni","Missing","Recorded"
520,"Rodentia","Cricetidae","Thomasomys_cinnameus","Missing","Recorded"
521,"Rodentia","Cricetidae","Thomasomys_popayanus","Missing","Recorded"
522,"Rodentia","Cricetidae","Thomasomys_praetor","Missing","Recorded"
523,"Rodentia","Cricetidae","Thomasomys_notatus","Missing","Recorded"
524,"Rodentia","Cricetidae","Thomasomys_taczanowskii","Missing","Recorded"
525,"Rodentia","Muridae","Soricomys_musseri","Missing","Recorded"
526,"Rodentia","Cricetidae","Thomasomys_vulcani","Missing","Recorded"
527,"Cetartiodactyla","Bovidae","Bubalus_palaeokerabau","Missing","Recorded"
528,"Primates","Cercopithecidae","Cercocebus_lunulatus","Missing","Recorded"
529,"Rodentia","Cricetidae","Thomasomys_incanus","Missing","Recorded"
530,"Chiroptera","Phyllostomidae","Phyllops_silvai","Missing","Recorded"
531,"Chiroptera","Phyllostomidae","Artibeus_anthonyi","Missing","Recorded"
532,"Rodentia","Cricetidae","Thomasomys_caudivarius","Missing","Recorded"
533,"Cetartiodactyla","Suidae","Sus_brachgnathus","Missing","Recorded"
534,"Rodentia","Cricetidae","Thomasomys_daphne","Missing","Recorded"
535,"Rodentia","Cricetidae","Thomasomys_cinereus","Missing","Recorded"
536,"Rodentia","Cricetidae","Thomasomys_silvestris","Missing","Recorded"
537,"Rodentia","Cricetidae","Thomasomys_apeco","Missing","Recorded"
538,"Rodentia","Cricetidae","Thomasomys_ladewi","Missing","Recorded"
539,"Rodentia","Cricetidae","Rhipidomys_gardneri","Missing","Recorded"
540,"Rodentia","Cricetidae","Thomasomys_kalinowskii","Missing","Recorded"
541,"Rodentia","Cricetidae","Thomasomys_oreas","Missing","Recorded"
542,"Rodentia","Cricetidae","Salinomys_delicatus","Missing","Recorded"
543,"Primates","Cercopithecidae","Cercopithecus_roloway","Recorded","Recorded"
544,"Rodentia","Cricetidae","Thomasomys_pyrrhonotus","Missing","Recorded"
545,"Rodentia","Cricetidae","Thomasomys_rosalinda","Missing","Recorded"
546,"Rodentia","Cricetidae","Thomasomys_cinereiventer","Missing","Recorded"
547,"Rodentia","Cricetidae","Thomasomys_baeops","Missing","Recorded"
548,"Rodentia","Cricetidae","Thomasomys_erro","Missing","Recorded"
549,"Carnivora","Otariidae","Zalophus_wollebaeki","Missing","Recorded"
550,"Rodentia","Cricetidae","Thomasomys_onkiro","Missing","Recorded"
551,"Rodentia","Cricetidae","Thomasomys_eleusis","Missing","Recorded"
552,"Cetartiodactyla","Bovidae","Eudorcas_albonotata","Missing","Recorded"
553,"Rodentia","Cricetidae","Thomasomys_paramorum","Missing","Recorded"
554,"Rodentia","Cricetidae","Thomasomys_monochromos","Missing","Recorded"
555,"Rodentia","Cricetidae","Thomasomys_ucucha","Missing","Recorded"
556,"Chiroptera","Pteropodidae","Nyctimene_keasti","Missing","Recorded"
557,"Rodentia","Cricetidae","Thomasomys_bombycinus","Missing","Recorded"
558,"Primates","Lepilemuridae","Lepilemur_scottorum","Missing","Recorded"
559,"Chiroptera","Vespertilionidae","Laephotis_angolensis","Missing","Recorded"
560,"Chiroptera","Vespertilionidae","Laephotis_namibensis","Missing","Recorded"
561,"Rodentia","Cricetidae","Thomasomys_macrotis","Missing","Recorded"
562,"Rodentia","Calomyscidae","Calomys_tocantinsi","Missing","Recorded"
563,"Rodentia","Cricetidae","Thomasomys_ischyrus","Missing","Recorded"
564,"Primates","Hominidae","Homo_floresiensis","Missing","Recorded"
565,"Rodentia","Muridae","Paraleptomys_rufilatus","Missing","Recorded"
566,"Rodentia","Nesomyidae","Eliurus_petteri","Missing","Recorded"
567,"Rodentia","Muridae","Paraleptomys_wilhelmina","Missing","Recorded"
568,"Cetartiodactyla","Bovidae","Eudorcas_rufina","Missing","Recorded"
569,"Rodentia","Muridae","Desmomys_yaldeni","Missing","Recorded"
570,"Carnivora","Mustelidae","Mustela_felipei","Missing","Recorded"
571,"Rodentia","Muridae","Coryphomys_buehleri","Missing","Recorded"
572,"Rodentia","Muridae","Stenocephalemys_griseicauda","Missing","Recorded"
573,"Rodentia","Muridae","Coryphomys_musseri","Missing","Recorded"
574,"Didelphimorphia","Didelphidae","Thylamys_citellus","Missing","Recorded"
575,"Primates","Lemuridae","Eulemur_flavifrons","Missing","Recorded"
576,"Eulipotyphla","Soricidae","Paracrocidura_maxima","Missing","Recorded"
577,"Eulipotyphla","Soricidae","Paracrocidura_graueri","Missing","Recorded"
578,"Rodentia","Muridae","Palawanomys_furvus","Missing","Recorded"
579,"Primates","Indriidae","Avahi_cleesei","Missing","Recorded"
580,"Eulipotyphla","Soricidae","Sylvisorex_pluvialis","Missing","Recorded"
581,"Paucituberculata","Caenolestidae","Caenolestes_condorensis","Missing","Recorded"
582,"Chiroptera","Vespertilionidae","Murina_harrisoni","Missing","Recorded"
583,"Rodentia","Muridae","Kadarsanomys_sodyi","Missing","Recorded"
584,"Eulipotyphla","Soricidae","Chodsigoa_smithii","Missing","Recorded"
585,"Chiroptera","Phyllostomidae","Platyrrhinus_matapalensis","Missing","Recorded"
586,"Chiroptera","Vespertilionidae","Kerivoula_krauensis","Missing","Recorded"
587,"Rodentia","Muridae","Taterillus_tranieri","Missing","Recorded"
588,"Rodentia","Cricetidae","Megaoryzomys_curioi","Missing","Recorded"
589,"Rodentia","Muridae","Canariomys_bravoi","Missing","Recorded"
590,"Rodentia","Muridae","Canariomys_tamarani","Missing","Recorded"
591,"Lagomorpha","Leporidae","Nesolagus_timminsi","Missing","Recorded"
592,"Rodentia","Cricetidae","Abrothrix_lanosus","Missing","Recorded"
593,"Chiroptera","Vespertilionidae","Pharotis_imogene","Missing","Recorded"
594,"Rodentia","Sciuridae","Aeretes_melanopterus","Missing","Recorded"
595,"Rodentia","Cricetidae","Juscelinomys_guaporensis","Missing","Recorded"
596,"Rodentia","Muridae","Mastomys_awashensis","Missing","Recorded"
597,"Primates","Cercopithecidae","Piliocolobus_tephrosceles","Recorded","Recorded"
598,"Rodentia","Cricetidae","Juscelinomys_huanchacae","Missing","Recorded"
599,"Didelphimorphia","Didelphidae","Marmosa_phaea","Missing","Recorded"
600,"Rodentia","Muridae","Malpaisomys_insularis","Missing","Recorded"
601,"Primates","Cercopithecidae","Piliocolobus_waldronae","Missing","Recorded"
602,"Rodentia","Nesomyidae","Eliurus_antsingy","Missing","Recorded"
603,"Cetartiodactyla","Cervidae","Capreolus_miyakoensis","Missing","Recorded"
604,"Eulipotyphla","Soricidae","Suncus_aequatorius","Missing","Recorded"
605,"Eulipotyphla","Soricidae","Chodsigoa_caovansunga","Missing","Recorded"
606,"Rodentia","Nesomyidae","Nesomys_lambertoni","Missing","Recorded"
607,"Didelphimorphia","Didelphidae","Monodelphis_handleyi","Missing","Recorded"
608,"Rodentia","Cricetidae","Oxymycterus_caparoae","Missing","Recorded"
609,"Primates","Indriidae","Avahi_ramanantsoavanai","Missing","Recorded"
610,"Eulipotyphla","Soricidae","Nesiotites_hidalgo","Missing","Recorded"
611,"Eulipotyphla","Soricidae","Nesiotites_similis","Missing","Recorded"
612,"Rodentia","Muridae","Echiothrix_centrosa","Missing","Recorded"
613,"Eulipotyphla","Soricidae","Chodsigoa_lamula","Missing","Recorded"
614,"Rodentia","Calomyscidae","Calomys_fecundus","Missing","Recorded"
615,"Rodentia","Muridae","Crunomys_melanius","Missing","Recorded"
616,"Rodentia","Cricetidae","Akodon_reigi","Missing","Recorded"
617,"Rodentia","Calomyscidae","Calomys_venustus","Missing","Recorded"
618,"Rodentia","Cricetidae","Mesocricetus_rathgeberi","Missing","Recorded"
619,"Rodentia","Nesomyidae","Macrotarsomys_petteri","Missing","Recorded"
620,"Rodentia","Muridae","Crunomys_fallax","Missing","Recorded"
621,"Rodentia","Cricetidae","Abrothrix_sanborni","Missing","Recorded"
622,"Primates","Cheirogaleidae","Microcebus_gerpi","Missing","Recorded"
623,"Rodentia","Cricetidae","Abrothrix_illutea","Missing","Recorded"
624,"Cetartiodactyla","Bovidae","Myotragus_balearicus","Missing","Recorded"
625,"Chiroptera","Pteropodidae","Acerodon_leucotis","Missing","Recorded"
626,"Chiroptera","Phyllostomidae","Phyllonycteris_major","Missing","Recorded"
627,"Rodentia","Cricetidae","Megalomys_audreyae","Missing","Recorded"
628,"Rodentia","Cricetidae","Megalomys_luciae","Missing","Recorded"
629,"Rodentia","Cricetidae","Megalomys_desmarestii","Missing","Recorded"
630,"Rodentia","Cricetidae","Megalomys_georginae","Missing","Recorded"
631,"Rodentia","Cricetidae","Rhipidomys_cariri","Missing","Recorded"
632,"Rodentia","Cricetidae","Brucepattersonius_albinasus","Missing","Recorded"
633,"Rodentia","Cricetidae","Brucepattersonius_igniventris","Missing","Recorded"
634,"Rodentia","Cricetidae","Brucepattersonius_griserufescens","Missing","Recorded"
635,"Rodentia","Cricetidae","Brucepattersonius_soricinus","Missing","Recorded"
636,"Rodentia","Cricetidae","Brucepattersonius_misionensis","Missing","Recorded"
637,"Rodentia","Cricetidae","Brucepattersonius_paradisus","Missing","Recorded"
638,"Rodentia","Cricetidae","Brucepattersonius_guarani","Missing","Recorded"
639,"Rodentia","Cricetidae","Akodon_philipmyersi","Missing","Recorded"
640,"Rodentia","Cricetidae","Pennatomys_nivalis","Missing","Recorded"
641,"Rodentia","Cricetidae","Noronhomys_vespuccii","Missing","Recorded"
642,"Rodentia","Cricetidae","Antillomys_rayi","Missing","Recorded"
643,"Didelphimorphia","Didelphidae","Marmosops_pakaraimae","Missing","Recorded"
644,"Primates","Galagidae","Galagoides_cocos","Missing","Recorded"
645,"Rodentia","Cricetidae","Amphinectomys_savamis","Missing","Recorded"
646,"Cetartiodactyla","Hippopotamidae","Phanourios_minutes","Missing","Recorded"
647,"Carnivora","Canidae","Cynotherium_sardous","Missing","Recorded"
648,"Rodentia","Muridae","Limnomys_bryophilus","Missing","Recorded"
649,"Rodentia","Muridae","Komodomys_rintjanus","Missing","Recorded"
650,"Rodentia","Muridae","Limnomys_sibuanus","Missing","Recorded"
651,"Rodentia","Cricetidae","Microtus_henseli","Missing","Recorded"
652,"Chiroptera","Vespertilionidae","Murina_ryukyuana","Missing","Recorded"
653,"Diprotodontia","Macropodidae","Protemnodon_hopei","Missing","Recorded"
654,"Eulipotyphla","Soricidae","Sylvisorex_camerunensis","Missing","Recorded"
655,"Rodentia","Cricetidae","Akodon_mystax","Missing","Recorded"
656,"Rodentia","Cricetidae","Akodon_pervalens","Missing","Recorded"
657,"Rodentia","Cricetidae","Volemys_musseri","Missing","Recorded"
658,"Primates","Cheirogaleidae","Microcebus_arnholdi","Missing","Recorded"
659,"Rodentia","Cricetidae","Juliomys_rimofrons","Missing","Recorded"
660,"Didelphimorphia","Didelphidae","Philander_olrogi","Missing","Recorded"
661,"Primates","Cheirogaleidae","Microcebus_margotmarshae","Missing","Recorded"
662,"Rodentia","Cricetidae","Tapecomys_primus","Missing","Recorded"
663,"Primates","Cercopithecidae","Rungwecebus_kipunji","Missing","Recorded"
664,"Rodentia","Cricetidae","Sigmodontomys_aphrastus","Missing","Recorded"
665,"Rodentia","Cricetidae","Nesoryzomys_darwini","Missing","Recorded"
666,"Rodentia","Cricetidae","Nesoryzomys_fernandinae","Missing","Recorded"
667,"Rodentia","Cricetidae","Nesoryzomys_swarthi","Missing","Recorded"
668,"Rodentia","Cricetidae","Nesoryzomys_indefessus","Missing","Recorded"
669,"Rodentia","Cricetidae","Nesoryzomys_narboroughi","Missing","Recorded"
670,"Rodentia","Nesomyidae","Eliurus_danieli","Missing","Recorded"
671,"Primates","Indriidae","Avahi_meridionalis","Missing","Recorded"
672,"Rodentia","Cricetidae","Chelemys_delfini","Missing","Recorded"
673,"Rodentia","Nesomyidae","Eliurus_ellermani","Missing","Recorded"
674,"Eulipotyphla","Talpidae","Mogera_etigo","Missing","Recorded"
675,"Rodentia","Muridae","Mylomys_rex","Missing","Recorded"
676,"Rodentia","Sciuridae","Prosciurillus_rosenbergii","Missing","Recorded"
677,"Cetartiodactyla","Cervidae","Cervus_astylodon","Missing","Recorded"
678,"Rodentia","Cricetidae","Peromyscus_nesodytes","Missing","Recorded"
679,"Eulipotyphla","Soricidae","Chodsigoa_parva","Missing","Recorded"
680,"Primates","Cercopithecidae","Rhinopithecus_strykeri","Missing","Recorded"
681,"Rodentia","Cricetidae","Oxymycterus_josei","Missing","Recorded"
682,"Chiroptera","Pteropodidae","Pteropus_coxi","Missing","Recorded"
683,"Rodentia","Octodontidae","Tympanoctomys_kirchnerorum","Recorded","Recorded"
684,"Rodentia","Cricetidae","Akodon_oenos","Missing","Recorded"
685,"Cetartiodactyla","Bovidae","Gazella_marica","Missing","Recorded"
686,"Chiroptera","Pteropodidae","Pteropus_allenorum","Missing","Recorded"
